id,first_name,last_name,email,gender,ip_address
1,Abbey,Weale,aweale0@mashable.com,Male,208.63.220.127
2,Salli,Achurch,sachurch1@github.com,Female,136.147.103.255
3,Dory,Dennerly,ddennerly2@buzzfeed.com,Male,97.240.167.34
4,Quentin,Penney,qpenney3@blogtalkradio.com,Male,203.103.181.119
5,Tad,Boseley,tboseley4@dyndns.org,Male,172.136.51.111
6,Drucill,Nafziger,dnafziger5@pagesperso-orange.fr,Female,185.55.210.44
7,Claudius,Haye,chaye6@wordpress.com,Male,172.145.74.126
8,Noble,Rabbatts,nrabbatts7@cmu.edu,Male,74.44.23.160
9,Jard,Dairton,jdairton8@nationalgeographic.com,Male,83.204.114.30
10,Cassie,Jennings,cjennings9@ebay.com,Male,20.229.46.131
11,Emerson,Agerskow,eagerskowa@hp.com,Male,238.185.97.8
12,Obie,Creek,ocreekb@huffingtonpost.com,Male,160.58.30.151
13,Charlena,Austing,caustingc@4shared.com,Female,103.136.47.5
14,Edik,Conwell,econwelld@github.io,Male,56.173.228.129
15,Kenna,Bagnell,kbagnelle@go.com,Female,189.238.250.164
16,Guthry,Anstice,gansticef@cnn.com,Male,22.99.169.35
17,Milena,Brizell,mbrizellg@google.ca,Female,55.20.95.180
18,Pauletta,Rigard,prigardh@mapy.cz,Female,153.45.146.145
19,Roxana,Gillbee,rgillbeei@nifty.com,Female,65.41.119.143
20,Clarisse,Ditchburn,cditchburnj@utexas.edu,Female,200.115.29.165
21,Yetty,Gerrels,ygerrelsk@plala.or.jp,Female,128.128.132.41
22,Dusty,Corey,dcoreyl@squarespace.com,Female,252.132.1.38
23,Adrian,Jenkerson,ajenkersonm@yellowbook.com,Female,18.201.183.245
24,Bartlet,Belk,bbelkn@auda.org.au,Male,252.139.197.133
25,Maegan,McIlroy,mmcilroyo@noaa.gov,Female,129.248.252.112
26,Bent,Penhalurick,bpenhalurickp@homestead.com,Male,176.102.97.50
27,Quintus,Bramble,qbrambleq@oracle.com,Male,51.57.250.140
28,Lynnea,Barkaway,lbarkawayr@foxnews.com,Female,229.79.195.3
29,Josephina,Guinness,jguinnesss@lulu.com,Female,196.86.174.130
30,Rusty,Brumham,rbrumhamt@va.gov,Male,210.176.203.122
31,Bendick,Gronou,bgronouu@hatena.ne.jp,Male,8.230.117.135
32,Elwyn,Yankishin,eyankishinv@sakura.ne.jp,Male,98.199.60.238
33,Marshal,Broek,mbroekw@craigslist.org,Male,41.56.91.229
34,Lewiss,Gilcriest,lgilcriestx@drupal.org,Male,199.118.200.99
35,Cheston,Silverton,csilvertony@house.gov,Male,10.72.96.181
36,Yvon,Cordet,ycordetz@aol.com,Male,222.52.25.223
37,Theresita,Crowcombe,tcrowcombe10@earthlink.net,Female,9.250.41.30
38,Danya,Halwill,dhalwill11@europa.eu,Female,108.140.141.82
39,Lane,Leal,lleal12@slate.com,Female,234.161.0.229
40,Nikoletta,Bodman,nbodman13@rambler.ru,Female,198.175.238.19
41,Renault,Dochon,rdochon14@bloglovin.com,Male,68.216.229.46
42,Ambrose,Fontel,afontel15@nasa.gov,Male,41.228.146.79
43,Gearalt,Punshon,gpunshon16@msu.edu,Male,143.251.238.192
44,Pall,Tancock,ptancock17@state.gov,Male,124.167.112.24
45,Noble,Pellant,npellant18@squarespace.com,Male,190.53.45.236
46,Ingra,Instone,iinstone19@uiuc.edu,Male,132.250.31.108
47,Lorilee,Jillitt,ljillitt1a@cam.ac.uk,Female,9.201.254.211
48,Nannie,Jacquest,njacquest1b@prnewswire.com,Female,117.72.72.172
49,Heidie,Salack,hsalack1c@xing.com,Female,173.171.237.169
50,Donelle,Piscopiello,dpiscopiello1d@wikia.com,Female,227.33.18.11
51,Sander,Cantos,scantos1e@fda.gov,Male,106.42.24.199
52,Menard,Lassey,mlassey1f@yellowbook.com,Male,164.164.216.118
53,Benoite,Stilling,bstilling1g@marriott.com,Female,54.75.109.106
54,Pincas,Baythorp,pbaythorp1h@wikia.com,Male,138.70.81.141
55,Xerxes,Guislin,xguislin1i@arizona.edu,Male,20.185.192.192
56,Dukey,Daily,ddaily1j@goo.ne.jp,Male,107.72.192.218
57,Tybie,Corp,tcorp1k@census.gov,Female,183.98.174.36
58,Silvie,Lockyer,slockyer1l@parallels.com,Female,92.185.76.16
59,Kellen,Maher,kmaher1m@engadget.com,Male,38.82.144.209
60,Florry,Di Giacomo,fdigiacomo1n@hexun.com,Female,128.203.81.39
61,Katha,Secret,ksecret1o@time.com,Female,219.200.122.45
62,Laurianne,Peltzer,lpeltzer1p@hexun.com,Female,133.86.160.246
63,Harv,Beard,hbeard1q@noaa.gov,Male,159.187.86.157
64,Bartolomeo,Missen,bmissen1r@ow.ly,Male,197.54.200.72
65,Orren,Pickaver,opickaver1s@bbb.org,Male,251.127.21.34
66,Bear,Gateland,bgateland1t@google.co.jp,Male,196.141.202.164
67,Cami,Thirwell,cthirwell1u@dropbox.com,Female,246.217.183.212
68,Sileas,Elijahu,selijahu1v@com.com,Female,196.109.116.195
69,Farrand,De-Ville,fdeville1w@creativecommons.org,Female,31.102.236.16
70,Devland,Heardman,dheardman1x@hugedomains.com,Male,83.163.152.233
71,Jermayne,Culleford,jculleford1y@opensource.org,Male,225.192.217.72
72,Nickey,Stickens,nstickens1z@weibo.com,Male,73.200.205.23
73,Rolf,Garbutt,rgarbutt20@ft.com,Male,184.46.35.53
74,Marylou,Hourihan,mhourihan21@marketwatch.com,Female,238.67.189.172
75,Kale,Garett,kgarett22@tuttocitta.it,Male,106.41.95.129
76,Leah,Learmonth,llearmonth23@virginia.edu,Female,74.167.73.213
77,Marja,Macken,mmacken24@timesonline.co.uk,Female,123.40.37.25
78,Timmy,D'Alesio,tdalesio25@typepad.com,Male,233.228.46.26
79,Binni,Davidai,bdavidai26@eepurl.com,Female,110.157.47.161
80,Alejandra,Rousel,arousel27@gov.uk,Female,41.113.175.197
81,Norrie,Adami,nadami28@ow.ly,Female,154.3.195.51
82,Cynde,Di Biagi,cdibiagi29@e-recht24.de,Female,72.139.112.150
83,Cathe,Ewbanche,cewbanche2a@weather.com,Female,91.218.143.23
84,Lamond,Gawthrope,lgawthrope2b@paypal.com,Male,239.99.94.203
85,Dana,Dugald,ddugald2c@economist.com,Male,174.119.49.16
86,Shirlee,Haith,shaith2d@webmd.com,Female,137.251.22.211
87,Doloritas,Ziemke,dziemke2e@rakuten.co.jp,Female,102.233.250.185
88,Massimiliano,Batts,mbatts2f@buzzfeed.com,Male,95.83.74.151
89,Lida,Marnane,lmarnane2g@unicef.org,Female,166.65.163.156
90,Ham,Scroggs,hscroggs2h@ask.com,Male,149.191.195.145
91,Delinda,Emsley,demsley2i@opensource.org,Female,158.107.150.23
92,Roda,Layland,rlayland2j@abc.net.au,Female,220.201.177.33
93,Hewitt,Warman,hwarman2k@state.gov,Male,136.164.177.1
94,Delinda,Woollhead,dwoollhead2l@vistaprint.com,Female,110.145.85.106
95,Rab,Hellicar,rhellicar2m@livejournal.com,Male,191.46.196.11
96,Tarra,Van de Vlies,tvandevlies2n@redcross.org,Female,7.60.34.233
97,Flori,Enders,fenders2o@list-manage.com,Female,211.33.109.23
98,Arlyn,Adcocks,aadcocks2p@weather.com,Female,175.67.151.204
99,Nolana,Hindmoor,nhindmoor2q@epa.gov,Female,251.84.105.107
100,Sherilyn,Syvret,ssyvret2r@paypal.com,Female,15.255.244.165
101,Lindsey,Crosen,lcrosen2s@cdc.gov,Male,141.5.192.154
102,Irene,Tremayne,itremayne2t@blog.com,Female,229.98.225.1
103,Mallorie,Spirit,mspirit2u@google.com.hk,Female,39.182.190.156
104,Tilda,Tamsett,ttamsett2v@google.co.uk,Female,125.170.6.122
105,Patrizio,McFayden,pmcfayden2w@usa.gov,Male,204.89.102.245
106,Basia,Trowell,btrowell2x@wikimedia.org,Female,255.129.70.64
107,Darcee,Lemmon,dlemmon2y@blogspot.com,Female,65.125.172.79
108,Brendan,Oman,boman2z@addtoany.com,Male,211.177.205.162
109,Lief,Iacovolo,liacovolo30@discuz.net,Male,26.71.36.228
110,Jordan,Zellner,jzellner31@tripod.com,Male,136.189.73.48
111,Richardo,Kulis,rkulis32@earthlink.net,Male,222.209.98.6
112,Aubine,Haversum,ahaversum33@ow.ly,Female,173.101.254.48
113,Lucinda,Britland,lbritland34@vistaprint.com,Female,71.75.14.25
114,Glendon,Todarini,gtodarini35@com.com,Male,251.178.198.213
115,Rosina,Sorrill,rsorrill36@constantcontact.com,Female,165.68.242.197
116,Raina,Cunrado,rcunrado37@weibo.com,Female,212.240.43.96
117,Rodger,Mereweather,rmereweather38@is.gd,Male,25.78.26.196
118,Lindsay,Laydel,llaydel39@fc2.com,Female,109.128.182.172
119,Shena,Fozzard,sfozzard3a@google.pl,Female,166.72.63.57
120,Leann,Sirmond,lsirmond3b@prlog.org,Female,6.4.70.135
121,Giulietta,Blackmuir,gblackmuir3c@ihg.com,Female,10.60.117.25
122,Sari,D'Alwis,sdalwis3d@tiny.cc,Female,9.230.185.178
123,Muire,Rispine,mrispine3e@umn.edu,Female,99.96.160.201
124,Artemus,Tomet,atomet3f@skyrock.com,Male,114.106.77.36
125,Karl,Landon,klandon3g@columbia.edu,Male,22.98.172.133
126,Rafa,O'Hengerty,rohengerty3h@virginia.edu,Female,214.0.22.212
127,Griffin,Onslow,gonslow3i@who.int,Male,208.251.221.179
128,Marco,Halshaw,mhalshaw3j@skyrock.com,Male,135.236.71.78
129,Hanna,Lobell,hlobell3k@de.vu,Female,137.55.111.157
130,Margaretha,Collingwood,mcollingwood3l@weebly.com,Female,220.23.188.127
131,Bram,Roache,broache3m@wp.com,Male,155.76.142.29
132,Rosalyn,Childers,rchilders3n@eventbrite.com,Female,226.188.156.81
133,Roth,Ibbitson,ribbitson3o@e-recht24.de,Male,105.251.212.163
134,Lazar,Raper,lraper3p@bandcamp.com,Male,209.17.142.204
135,Bonny,Ockland,bockland3q@weather.com,Female,154.18.16.159
136,Earlie,Piatkow,epiatkow3r@liveinternet.ru,Male,176.77.69.192
137,Harlen,Harflete,hharflete3s@noaa.gov,Male,66.236.149.250
138,Jeffy,Bewley,jbewley3t@stumbleupon.com,Male,246.12.150.213
139,Carline,Pinchback,cpinchback3u@wiley.com,Female,255.224.175.189
140,Tiff,Fagan,tfagan3v@jalbum.net,Female,123.124.163.128
141,Martynne,Sibbit,msibbit3w@wunderground.com,Female,109.181.74.82
142,Esther,Fist,efist3x@jugem.jp,Female,32.60.31.234
143,Cornelia,Stackbridge,cstackbridge3y@mac.com,Female,29.212.58.43
144,Alida,Brickhill,abrickhill3z@alexa.com,Female,107.24.242.206
145,Dane,Goricke,dgoricke40@e-recht24.de,Male,13.214.193.140
146,Jillie,Morrow,jmorrow41@seattletimes.com,Female,88.129.123.90
147,Northrup,Bedbury,nbedbury42@icq.com,Male,62.88.224.132
148,Maddie,Switsur,mswitsur43@sciencedaily.com,Male,8.181.28.38
149,Ike,Faye,ifaye44@boston.com,Male,46.128.3.58
150,Rosemonde,Storrar,rstorrar45@bbb.org,Female,227.143.86.71
151,Hardy,Playdon,hplaydon46@xing.com,Male,169.173.100.129
152,Wayland,Colum,wcolum47@upenn.edu,Male,84.117.9.26
153,Alexandrina,Hew,ahew48@so-net.ne.jp,Female,165.228.225.114
154,Ring,Blann,rblann49@foxnews.com,Male,228.167.18.172
155,Maurizio,Stones,mstones4a@paginegialle.it,Male,86.90.24.253
156,Hazlett,Scandrick,hscandrick4b@weather.com,Male,124.94.72.189
157,Juliana,Scurrah,jscurrah4c@samsung.com,Female,174.55.129.186
158,Oneida,Sekulla,osekulla4d@harvard.edu,Female,146.131.166.62
159,Darnell,MacLaig,dmaclaig4e@scribd.com,Male,171.136.197.137
160,Selena,Dommett,sdommett4f@networkadvertising.org,Female,251.229.238.228
161,Deeann,Sigart,dsigart4g@tamu.edu,Female,239.177.30.34
162,Stearn,Harvey,sharvey4h@blogs.com,Male,220.84.176.52
163,Fredelia,Storry,fstorry4i@hatena.ne.jp,Female,111.147.179.2
164,Ephrem,Isles,eisles4j@hp.com,Male,85.243.119.8
165,Ingram,Medwell,imedwell4k@narod.ru,Male,64.122.222.222
166,Xena,Brookzie,xbrookzie4l@bloomberg.com,Female,175.186.195.186
167,Gwendolin,Impett,gimpett4m@seattletimes.com,Female,85.70.143.81
168,Vernice,Dayley,vdayley4n@123-reg.co.uk,Female,58.39.125.172
169,Hal,Magson,hmagson4o@ask.com,Male,43.197.77.161
170,Darleen,Botler,dbotler4p@businesswire.com,Female,67.2.167.125
171,Ulrick,Borg,uborg4q@t.co,Male,185.59.119.130
172,Darelle,Rylett,drylett4r@elegantthemes.com,Female,2.180.37.255
173,Arv,Boot,aboot4s@webs.com,Male,88.77.198.206
174,Sylvia,Benham,sbenham4t@slideshare.net,Female,21.127.178.128
175,Nappie,Carolan,ncarolan4u@umich.edu,Male,135.51.129.213
176,Bambie,Clarridge,bclarridge4v@jugem.jp,Female,142.142.58.225
177,Morty,Tamburo,mtamburo4w@kickstarter.com,Male,189.62.9.37
178,Zachary,Ikins,zikins4x@abc.net.au,Male,158.178.233.230
179,Irena,Bramo,ibramo4y@shop-pro.jp,Female,128.137.143.66
180,Valenka,Fairall,vfairall4z@prweb.com,Female,171.144.246.27
181,Barbi,Deere,bdeere50@bizjournals.com,Female,216.70.3.128
182,Jerrome,Etheredge,jetheredge51@reuters.com,Male,237.44.200.56
183,Fee,Guslon,fguslon52@slideshare.net,Male,116.56.18.65
184,Jim,Tilston,jtilston53@ocn.ne.jp,Male,58.223.227.235
185,Davida,Rowley,drowley54@dailymail.co.uk,Female,139.34.12.114
186,Emery,Crispe,ecrispe55@friendfeed.com,Male,166.140.253.111
187,Maura,Thacker,mthacker56@state.gov,Female,65.221.10.6
188,Misha,Archbold,marchbold57@google.co.jp,Female,167.170.67.76
189,Thaxter,Rodway,trodway58@amazon.de,Male,20.235.5.170
190,Essie,Jansens,ejansens59@ocn.ne.jp,Female,167.49.13.61
191,Sibel,Colbron,scolbron5a@simplemachines.org,Female,162.246.239.117
192,Juditha,Duckels,jduckels5b@oaic.gov.au,Female,68.86.186.150
193,Edithe,Hatcher,ehatcher5c@webeden.co.uk,Female,75.32.30.129
194,Nat,Jordan,njordan5d@dyndns.org,Female,214.229.54.62
195,Maury,Diwell,mdiwell5e@reuters.com,Male,145.24.120.225
196,Gar,Sellens,gsellens5f@mit.edu,Male,62.214.32.170
197,Jesselyn,McKew,jmckew5g@amazon.com,Female,65.176.91.219
198,Brenna,Crookes,bcrookes5h@odnoklassniki.ru,Female,126.99.53.213
199,Lynde,Touzey,ltouzey5i@yandex.ru,Female,68.206.87.201
200,Grantley,Gianneschi,ggianneschi5j@so-net.ne.jp,Male,210.172.20.133
201,Lorry,Hardwich,lhardwich5k@phpbb.com,Male,154.255.63.84
202,Carola,Scarbarrow,cscarbarrow5l@etsy.com,Female,219.216.86.250
203,Humfrid,Semaine,hsemaine5m@cbsnews.com,Male,73.179.233.9
204,Roseanna,Halfhead,rhalfhead5n@netvibes.com,Female,231.120.217.169
205,Winfield,Grainger,wgrainger5o@usgs.gov,Male,248.60.106.146
206,Chelsie,Weymont,cweymont5p@infoseek.co.jp,Female,196.35.18.197
207,Desdemona,Kase,dkase5q@independent.co.uk,Female,94.202.57.148
208,Huntley,Kem,hkem5r@sogou.com,Male,37.32.57.223
209,Rutger,Marishenko,rmarishenko5s@1und1.de,Male,206.162.93.52
210,Arleyne,Cluer,acluer5t@ifeng.com,Female,80.166.59.6
211,Dwayne,Hazeman,dhazeman5u@nba.com,Male,222.15.221.47
212,Merle,Escalera,mescalera5v@fotki.com,Female,144.94.213.149
213,Thaxter,Kleinsinger,tkleinsinger5w@weibo.com,Male,199.192.233.221
214,Katine,Penketh,kpenketh5x@oakley.com,Female,225.145.222.225
215,Jamima,Cawcutt,jcawcutt5y@unesco.org,Female,37.221.32.164
216,Keir,Denzilow,kdenzilow5z@businessinsider.com,Male,167.58.97.217
217,Alejandrina,May,amay60@economist.com,Female,232.163.214.75
218,Brandy,Burbidge,bburbidge61@fotki.com,Female,51.12.241.55
219,Babita,Newlands,bnewlands62@ed.gov,Female,51.66.130.47
220,Larisa,Joynson,ljoynson63@icq.com,Female,249.85.194.157
221,Nat,McKinn,nmckinn64@imgur.com,Male,35.184.132.0
222,Queenie,Wingrove,qwingrove65@tamu.edu,Female,28.103.42.112
223,Cesya,Crebo,ccrebo66@is.gd,Female,54.142.24.108
224,Faun,Luxmoore,fluxmoore67@unicef.org,Female,71.88.58.239
225,Barnett,Edeson,bedeson68@instagram.com,Male,122.119.80.163
226,Sella,Rennox,srennox69@flavors.me,Female,202.253.226.175
227,Aline,Van der Beek,avanderbeek6a@multiply.com,Female,209.120.193.107
228,Charil,Neylan,cneylan6b@jalbum.net,Female,18.225.151.75
229,Town,Lockie,tlockie6c@themeforest.net,Male,129.108.220.180
230,Lorena,Flather,lflather6d@de.vu,Female,107.27.202.168
231,Karlan,Vakhrushin,kvakhrushin6e@live.com,Male,226.29.187.40
232,Horst,Rutherforth,hrutherforth6f@nature.com,Male,67.201.28.60
233,Valli,Stembridge,vstembridge6g@hostgator.com,Female,212.252.53.186
234,Madelaine,Bednell,mbednell6h@sbwire.com,Female,124.65.96.152
235,Cristian,Tiptaft,ctiptaft6i@exblog.jp,Male,205.16.67.43
236,Kip,Andersen,kandersen6j@mac.com,Male,118.50.253.120
237,Ax,Koeppke,akoeppke6k@shinystat.com,Male,237.168.21.111
238,Mikkel,Kettlesting,mkettlesting6l@jalbum.net,Male,139.213.150.226
239,Vincenz,Snedker,vsnedker6m@joomla.org,Male,225.157.185.152
240,Humfried,Clawe,hclawe6n@1und1.de,Male,34.17.9.20
241,Victoria,Malcolm,vmalcolm6o@weibo.com,Female,129.177.225.73
242,Roldan,Malenfant,rmalenfant6p@indiegogo.com,Male,245.114.191.23
243,Hew,Dilks,hdilks6q@foxnews.com,Male,177.24.84.224
244,Berti,Ollett,bollett6r@goo.ne.jp,Male,72.54.180.80
245,Marget,Corbert,mcorbert6s@apple.com,Female,228.246.215.11
246,Lindsay,Filov,lfilov6t@tinypic.com,Male,173.91.108.33
247,Justina,O'Rodane,jorodane6u@economist.com,Female,18.186.60.210
248,Warren,Pashe,wpashe6v@seattletimes.com,Male,1.133.210.202
249,Kipp,Tattoo,ktattoo6w@nasa.gov,Male,216.146.60.37
250,Janeta,Ward,jward6x@smugmug.com,Female,114.11.3.236
251,Florentia,Ginnelly,fginnelly6y@paypal.com,Female,29.248.28.174
252,Charity,Wollaston,cwollaston6z@shop-pro.jp,Female,183.125.73.174
253,Kendra,Lismer,klismer70@oaic.gov.au,Female,41.157.198.201
254,Jessalyn,Champagne,jchampagne71@illinois.edu,Female,142.213.134.187
255,Waverly,Reignould,wreignould72@rambler.ru,Male,224.122.219.219
256,Reena,Kemmer,rkemmer73@senate.gov,Female,71.232.28.235
257,Cynde,McBrearty,cmcbrearty74@topsy.com,Female,126.24.37.63
258,Jemima,Probart,jprobart75@imdb.com,Female,215.215.184.208
259,Ugo,Elsey,uelsey76@google.com,Male,85.24.120.183
260,Lammond,Kimm,lkimm77@wikispaces.com,Male,123.75.95.22
261,Vickie,Ellyatt,vellyatt78@ezinearticles.com,Female,53.170.205.26
262,Jessamyn,Towner,jtowner79@java.com,Female,170.73.126.183
263,Ariel,Vatcher,avatcher7a@dropbox.com,Male,99.179.103.209
264,Roderic,Collinge,rcollinge7b@aol.com,Male,50.51.134.97
265,Ally,Ragge,aragge7c@theatlantic.com,Female,244.235.164.190
266,Selle,Normaville,snormaville7d@rediff.com,Female,215.180.22.52
267,Maurene,Geelan,mgeelan7e@pagesperso-orange.fr,Female,225.90.212.186
268,Odelle,Keme,okeme7f@yale.edu,Female,152.148.118.58
269,Kristine,Naismith,knaismith7g@tripod.com,Female,111.233.224.143
270,Chrysler,Skeermer,cskeermer7h@ocn.ne.jp,Female,31.96.133.142
271,Dionne,Suggey,dsuggey7i@usnews.com,Female,106.176.152.18
272,Orsa,Mullin,omullin7j@msn.com,Female,48.83.248.114
273,Riannon,Kinkade,rkinkade7k@altervista.org,Female,184.78.85.179
274,Ambros,Irvin,airvin7l@cargocollective.com,Male,234.76.40.37
275,Reuben,Antonin,rantonin7m@comcast.net,Male,0.212.254.51
276,Electra,Battie,ebattie7n@webmd.com,Female,72.194.184.70
277,Laverne,Nanetti,lnanetti7o@state.gov,Female,214.17.173.240
278,Frasier,Douthwaite,fdouthwaite7p@flavors.me,Male,110.228.78.97
279,Symon,Yakubov,syakubov7q@google.de,Male,49.46.238.157
280,Rafferty,Poli,rpoli7r@shutterfly.com,Male,62.215.187.222
281,Geneva,Penny,gpenny7s@techcrunch.com,Female,110.202.183.210
282,Mischa,Mattheeuw,mmattheeuw7t@yellowpages.com,Male,82.97.185.112
283,Rici,Pohlke,rpohlke7u@prweb.com,Female,125.219.186.187
284,Stefania,Knottley,sknottley7v@auda.org.au,Female,235.1.81.105
285,Theo,Salkild,tsalkild7w@taobao.com,Male,53.172.86.236
286,Gun,Millar,gmillar7x@freewebs.com,Male,136.217.198.157
287,Hillie,Speer,hspeer7y@netvibes.com,Male,54.74.42.32
288,Jaimie,Cordle,jcordle7z@purevolume.com,Male,242.12.59.195
289,Arden,Quan,aquan80@prlog.org,Female,80.97.169.189
290,Denney,Ort,dort81@mtv.com,Male,207.223.27.75
291,Baldwin,Beadell,bbeadell82@mit.edu,Male,255.134.156.134
292,Caitrin,Deverille,cdeverille83@i2i.jp,Female,218.55.241.248
293,Marv,Feavers,mfeavers84@cdc.gov,Male,194.103.166.188
294,Tades,Nafzger,tnafzger85@hubpages.com,Male,163.34.204.160
295,Jefferson,McNeillie,jmcneillie86@webeden.co.uk,Male,246.192.35.151
296,Reg,Deeks,rdeeks87@is.gd,Male,255.180.201.75
297,Gauthier,Alvarez,galvarez88@tamu.edu,Male,126.70.25.201
298,Phylys,Ghion,pghion89@statcounter.com,Female,76.20.137.106
299,Win,Woodhead,wwoodhead8a@huffingtonpost.com,Male,206.19.236.34
300,Bo,Smorthit,bsmorthit8b@adobe.com,Male,231.235.25.44
301,Joshua,Hancke,jhancke8c@1und1.de,Male,85.11.38.248
302,Leonora,Philipp,lphilipp8d@washington.edu,Female,48.141.214.141
303,Stephie,Simnel,ssimnel8e@godaddy.com,Female,207.108.229.74
304,Ludovico,Snoday,lsnoday8f@forbes.com,Male,72.30.250.104
305,Ronald,Warrington,rwarrington8g@state.tx.us,Male,135.227.20.62
306,Cindra,Werrett,cwerrett8h@lycos.com,Female,182.163.23.230
307,Shalna,Rowley,srowley8i@google.com.hk,Female,222.110.16.42
308,Bud,Woollacott,bwoollacott8j@xrea.com,Male,232.223.235.142
309,Nester,Leel,nleel8k@about.com,Male,43.158.25.62
310,Kelvin,Girauld,kgirauld8l@constantcontact.com,Male,200.104.250.69
311,Fremont,Pernell,fpernell8m@japanpost.jp,Male,186.246.180.26
312,Fabiano,Ciubutaro,fciubutaro8n@earthlink.net,Male,83.193.93.185
313,Moss,Scutching,mscutching8o@pen.io,Male,188.170.44.147
314,Pamela,Girardot,pgirardot8p@geocities.jp,Female,141.249.97.31
315,Katrina,Tinwell,ktinwell8q@gmpg.org,Female,122.1.163.165
316,Abran,McQuilkin,amcquilkin8r@ehow.com,Male,36.192.130.237
317,Benjamen,Fussey,bfussey8s@unblog.fr,Male,56.156.35.211
318,Tersina,Cassley,tcassley8t@tamu.edu,Female,87.175.33.42
319,Odell,Diable,odiable8u@studiopress.com,Male,225.99.97.4
320,Nancy,Jacomb,njacomb8v@aol.com,Female,76.24.43.24
321,Kaitlin,Wycherley,kwycherley8w@posterous.com,Female,199.133.61.124
322,Giff,Skeemer,gskeemer8x@ted.com,Male,93.64.135.77
323,Marrilee,Lyles,mlyles8y@psu.edu,Female,220.69.2.77
324,Tabb,Paten,tpaten8z@e-recht24.de,Male,192.82.150.35
325,Elroy,Duplan,eduplan90@ca.gov,Male,157.192.227.66
326,Chariot,Ebbett,cebbett91@amazon.de,Male,163.151.97.15
327,Ferdy,Kleinstein,fkleinstein92@usda.gov,Male,57.84.163.135
328,Lainey,Benduhn,lbenduhn93@netvibes.com,Female,162.233.95.191
329,Had,Kolis,hkolis94@geocities.com,Male,37.101.135.1
330,Beck,Eglise,beglise95@123-reg.co.uk,Male,80.14.41.44
331,Bryna,Skures,bskures96@discovery.com,Female,87.14.186.179
332,Abbie,Crayker,acrayker97@slashdot.org,Male,112.224.8.80
333,Rozalin,Lyes,rlyes98@homestead.com,Female,89.173.84.143
334,Kellen,Crayker,kcrayker99@uol.com.br,Male,177.112.30.81
335,Cornell,Turmel,cturmel9a@parallels.com,Male,214.148.148.56
336,Hagan,Yukhtin,hyukhtin9b@addthis.com,Male,60.100.5.72
337,Vonnie,Licciardiello,vlicciardiello9c@google.com.au,Female,228.199.80.133
338,Burty,Glaisner,bglaisner9d@howstuffworks.com,Male,25.20.254.132
339,Alecia,Yurin,ayurin9e@usda.gov,Female,154.92.103.102
340,Ora,Woolhouse,owoolhouse9f@phoca.cz,Female,92.110.119.189
341,Sella,Chopy,schopy9g@blogtalkradio.com,Female,102.235.96.118
342,Layton,Erley,lerley9h@clickbank.net,Male,40.211.213.175
343,Charmaine,Rowden,crowden9i@sfgate.com,Female,75.49.89.165
344,Sandie,Simmig,ssimmig9j@github.com,Female,223.122.84.101
345,Patrizio,Proom,pproom9k@phoca.cz,Male,66.30.174.186
346,Ruby,Sains,rsains9l@boston.com,Male,155.62.17.87
347,Janean,Filde,jfilde9m@patch.com,Female,190.164.238.217
348,Son,Bloore,sbloore9n@hugedomains.com,Male,145.193.255.62
349,Kearney,Toffolini,ktoffolini9o@technorati.com,Male,221.102.233.26
350,Cissy,Cleave,ccleave9p@diigo.com,Female,23.193.142.99
351,Fabe,Maylard,fmaylard9q@smugmug.com,Male,219.185.106.212
352,Bess,Broadberrie,bbroadberrie9r@elpais.com,Female,171.119.230.198
353,Shandy,Clampe,sclampe9s@forbes.com,Female,51.125.52.37
354,Velma,Tomasino,vtomasino9t@accuweather.com,Female,198.97.82.198
355,Germaine,Berntsson,gberntsson9u@admin.ch,Male,59.68.102.218
356,Sly,Pettwood,spettwood9v@wunderground.com,Male,223.25.185.63
357,Marian,Outlaw,moutlaw9w@latimes.com,Female,0.96.131.213
358,Katheryn,Chin,kchin9x@soup.io,Female,190.30.98.175
359,Ramonda,Gyse,rgyse9y@unesco.org,Female,121.246.235.88
360,Simone,Arnault,sarnault9z@reuters.com,Female,30.98.202.55
361,Jennilee,Doige,jdoigea0@miitbeian.gov.cn,Female,192.155.127.162
362,Ellery,Twyning,etwyninga1@msu.edu,Male,207.28.51.142
363,Kiley,Pittaway,kpittawaya2@altervista.org,Male,195.86.30.58
364,Oswell,Zamorrano,ozamorranoa3@discuz.net,Male,137.184.2.240
365,Julian,Thomazet,jthomazeta4@mapy.cz,Male,121.48.127.14
366,Jesse,Blaasch,jblaascha5@usa.gov,Male,113.241.163.200
367,Griselda,Readmire,greadmirea6@zdnet.com,Female,23.213.196.91
368,Paula,Burdytt,pburdytta7@parallels.com,Female,67.163.173.243
369,Faun,Bullock,fbullocka8@mail.ru,Female,100.117.129.59
370,Marco,Surgeoner,msurgeonera9@photobucket.com,Male,193.114.105.134
371,Monica,Breadmore,mbreadmoreaa@ihg.com,Female,184.218.234.100
372,Idette,Baldacchi,ibaldacchiab@washingtonpost.com,Female,232.107.64.86
373,Clayborn,Keeling,ckeelingac@symantec.com,Male,81.5.69.41
374,Ursulina,Stove,ustovead@microsoft.com,Female,1.220.169.119
375,Ameline,Maffulli,amaffulliae@cam.ac.uk,Female,15.98.231.233
376,Eyde,Lowle,elowleaf@facebook.com,Female,198.119.69.185
377,Phylys,Sargeant,psargeantag@smugmug.com,Female,14.192.29.99
378,Myrta,Sillito,msillitoah@omniture.com,Female,226.114.43.219
379,Kendricks,Meechan,kmeechanai@rediff.com,Male,38.98.148.250
380,Bud,Aymes,baymesaj@pen.io,Male,140.253.157.188
381,Virgina,Axelbey,vaxelbeyak@github.io,Female,171.140.179.201
382,Gonzalo,Dressell,gdressellal@123-reg.co.uk,Male,54.73.100.121
383,Richmond,Ebbin,rebbinam@dailymotion.com,Male,72.85.162.36
384,Colin,Fears,cfearsan@harvard.edu,Male,11.33.251.220
385,Griz,Backshell,gbackshellao@e-recht24.de,Male,210.151.9.38
386,Kari,Louth,klouthap@dedecms.com,Female,123.3.11.198
387,Giulio,Wippermann,gwippermannaq@uol.com.br,Male,135.118.216.113
388,Darice,Buttrey,dbuttreyar@github.io,Female,188.30.206.190
389,Sheelagh,Sweynson,ssweynsonas@newyorker.com,Female,145.36.22.202
390,Ignace,Wrotchford,iwrotchfordat@printfriendly.com,Male,27.120.15.140
391,Michaella,Rosoni,mrosoniau@joomla.org,Female,102.178.194.101
392,Henri,Keizman,hkeizmanav@noaa.gov,Male,194.31.108.246
393,Ignazio,Bizley,ibizleyaw@dailymail.co.uk,Male,138.8.245.241
394,Mina,Mowlam,mmowlamax@storify.com,Female,229.214.223.80
395,Neel,Lohan,nlohanay@pinterest.com,Male,123.126.207.158
396,Keir,Bust,kbustaz@free.fr,Male,188.178.142.9
397,Beryl,Grave,bgraveb0@miitbeian.gov.cn,Female,10.66.15.221
398,Care,Haulkham,chaulkhamb1@bbb.org,Male,217.112.126.154
399,Harper,Morch,hmorchb2@icio.us,Male,159.245.86.193
400,Iolande,Boshers,iboshersb3@usa.gov,Female,121.10.197.177
401,Allayne,Gallego,agallegob4@amazon.co.uk,Male,151.112.213.190
402,Cherilynn,Koppeck,ckoppeckb5@chicagotribune.com,Female,242.163.151.205
403,Corrie,Braben,cbrabenb6@salon.com,Male,25.79.184.107
404,Libbi,Levins,llevinsb7@drupal.org,Female,21.201.141.154
405,Bastien,Martland,bmartlandb8@ft.com,Male,93.190.36.229
406,Eloise,Priel,eprielb9@wikia.com,Female,177.252.161.129
407,Frederique,Skiplorne,fskiplorneba@amazon.co.uk,Female,105.148.173.138
408,Ruy,Brattell,rbrattellbb@fotki.com,Male,249.43.86.2
409,Mart,Galgey,mgalgeybc@bbc.co.uk,Male,118.187.87.231
410,Lulita,Baseley,lbaseleybd@blogs.com,Female,73.176.180.17
411,Trever,Hands,thandsbe@independent.co.uk,Male,129.155.165.122
412,Jerrine,Tirte,jtirtebf@cdc.gov,Female,143.200.160.231
413,Fanechka,Crier,fcrierbg@hatena.ne.jp,Female,95.139.174.141
414,Brendan,Ingrem,bingrembh@prweb.com,Male,117.225.91.130
415,Abigale,Bridgman,abridgmanbi@wired.com,Female,71.231.79.65
416,Gothart,Vizard,gvizardbj@yahoo.com,Male,39.102.247.86
417,Penni,Middle,pmiddlebk@ibm.com,Female,77.19.57.23
418,Alister,Blitz,ablitzbl@economist.com,Male,83.79.212.34
419,Hilly,Janczak,hjanczakbm@alibaba.com,Male,133.200.154.23
420,Evin,Staining,estainingbn@mashable.com,Male,14.18.187.45
421,Bride,Learmond,blearmondbo@bravesites.com,Female,193.85.1.247
422,Shepherd,Gibbe,sgibbebp@odnoklassniki.ru,Male,166.148.15.172
423,Shadow,Freeland,sfreelandbq@google.co.jp,Male,0.50.73.126
424,Yehudi,Catlin,ycatlinbr@un.org,Male,190.90.169.125
425,Saundra,Jocelyn,sjocelynbs@weather.com,Male,75.79.59.105
426,Ingrid,Barker,ibarkerbt@toplist.cz,Female,36.36.103.2
427,Cassandre,Gegay,cgegaybu@skyrock.com,Female,243.193.90.182
428,Dannie,Devany,ddevanybv@phpbb.com,Female,112.50.22.56
429,Clay,Jahner,cjahnerbw@sitemeter.com,Male,100.75.10.187
430,Salomon,Orniz,sornizbx@ycombinator.com,Male,8.122.57.67
431,Consuelo,Rookesby,crookesbyby@si.edu,Female,0.111.203.101
432,Vilma,Thunderman,vthundermanbz@vinaora.com,Female,176.44.203.69
433,Tye,Woodus,twoodusc0@ca.gov,Male,139.75.157.149
434,Brynne,Logesdale,blogesdalec1@1und1.de,Female,233.165.205.191
435,Reggie,Ekell,rekellc2@buzzfeed.com,Female,68.85.189.235
436,Dominique,Toderini,dtoderinic3@reddit.com,Female,32.13.154.7
437,Jimmie,Martygin,jmartyginc4@discuz.net,Male,53.148.240.73
438,Pearce,Favell,pfavellc5@yellowbook.com,Male,186.139.49.124
439,Therine,Ollin,tollinc6@intel.com,Female,242.119.50.65
440,Thalia,Sinnock,tsinnockc7@accuweather.com,Female,117.223.196.135
441,Nevins,Llop,nllopc8@csmonitor.com,Male,251.145.97.174
442,Loise,Castillo,lcastilloc9@vimeo.com,Female,240.182.49.239
443,Jdavie,Morrow,jmorrowca@1688.com,Male,69.247.107.225
444,Maxy,Fowler,mfowlercb@time.com,Male,59.34.212.229
445,Harlen,Mumby,hmumbycc@nps.gov,Male,157.199.156.13
446,Ara,Siggers,asiggerscd@ibm.com,Male,13.36.210.104
447,Jack,Boots,jbootsce@wikia.com,Male,200.2.252.194
448,Booth,Riccardini,briccardinicf@berkeley.edu,Male,62.102.176.55
449,Richard,Ellingham,rellinghamcg@mtv.com,Male,116.194.242.237
450,Patrice,Ollie,polliech@house.gov,Male,240.137.175.82
451,Gwynne,Scatchard,gscatchardci@stumbleupon.com,Female,166.125.47.33
452,Marcelle,Smitham,msmithamcj@t.co,Female,13.136.113.244
453,Bunni,Scopyn,bscopynck@nymag.com,Female,244.108.202.243
454,Timotheus,Hamson,thamsoncl@state.tx.us,Male,248.108.160.70
455,Rafe,Lynd,rlyndcm@biblegateway.com,Male,2.73.208.48
456,Quent,Sandison,qsandisoncn@google.com.hk,Male,223.215.13.201
457,Twyla,Penticost,tpenticostco@trellian.com,Female,83.222.54.54
458,Deeyn,Dorian,ddoriancp@vistaprint.com,Female,223.232.120.140
459,Carolus,Lummasana,clummasanacq@friendfeed.com,Male,53.62.94.251
460,Rey,Polo,rpolocr@auda.org.au,Female,201.15.253.62
461,Russ,Tedstone,rtedstonecs@blogspot.com,Male,173.151.13.67
462,Petra,Littlekit,plittlekitct@amazon.de,Female,192.203.99.143
463,Evy,Addionisio,eaddionisiocu@vk.com,Female,252.5.78.143
464,Archibaldo,Walsom,awalsomcv@hugedomains.com,Male,184.21.199.212
465,Clement,Pydcock,cpydcockcw@symantec.com,Male,163.27.96.116
466,Berkie,Hatt,bhattcx@uiuc.edu,Male,110.89.21.128
467,Courtenay,Castellone,ccastellonecy@yale.edu,Female,246.49.68.21
468,Mozes,Hutson,mhutsoncz@vimeo.com,Male,90.15.241.34
469,Lammond,Burnside,lburnsided0@businessweek.com,Male,182.25.156.171
470,Karia,Skinley,kskinleyd1@github.io,Female,203.104.178.205
471,Jerrilee,Davy,jdavyd2@ask.com,Female,4.59.116.152
472,Brent,Adel,badeld3@home.pl,Male,174.233.141.110
473,Teddy,Weild,tweildd4@webs.com,Female,199.119.229.49
474,Fernando,Kender,fkenderd5@netvibes.com,Male,195.233.231.129
475,Lenee,Venes,lvenesd6@howstuffworks.com,Female,34.5.191.105
476,Babita,Fumagall,bfumagalld7@barnesandnoble.com,Female,88.114.234.119
477,Gypsy,Gabbitus,ggabbitusd8@github.io,Female,88.89.95.2
478,Kin,Kincla,kkinclad9@umn.edu,Male,100.15.189.48
479,Lester,Saltwell,lsaltwellda@shutterfly.com,Male,59.111.194.249
480,Bettine,Attwater,battwaterdb@histats.com,Female,82.44.128.157
481,Onfroi,Stadding,ostaddingdc@homestead.com,Male,157.241.122.102
482,Kenn,Jarnell,kjarnelldd@ftc.gov,Male,237.149.205.172
483,Iolanthe,Shailer,ishailerde@soup.io,Female,141.9.12.162
484,Leona,Coulling,lcoullingdf@homestead.com,Female,186.169.77.84
485,Malchy,Maddock,mmaddockdg@bandcamp.com,Male,29.134.148.237
486,Lanna,Rouby,lroubydh@miibeian.gov.cn,Female,215.61.174.78
487,Gabriele,Seefus,gseefusdi@printfriendly.com,Male,92.119.37.69
488,Tonnie,Revance,trevancedj@google.com,Male,15.220.225.7
489,Henrie,Fomichkin,hfomichkindk@sphinn.com,Female,45.184.160.87
490,Pierrette,Fadden,pfaddendl@google.co.uk,Female,229.192.33.7
491,Inger,Hasslocher,ihasslocherdm@dmoz.org,Male,42.18.128.160
492,Elmo,Webster,ewebsterdn@hao123.com,Male,27.121.250.60
493,Carlotta,Killock,ckillockdo@pcworld.com,Female,42.90.254.139
494,Franky,Marjoribanks,fmarjoribanksdp@unesco.org,Male,14.100.112.217
495,Carol,Witherow,cwitherowdq@spiegel.de,Female,21.241.111.194
496,Terry,Breedy,tbreedydr@businessweek.com,Female,233.150.50.108
497,Tate,Colquit,tcolquitds@pen.io,Female,250.217.40.106
498,Keane,Readman,kreadmandt@creativecommons.org,Male,18.39.222.63
499,Roxine,Obin,robindu@usatoday.com,Female,58.242.61.22
500,Dyan,Hadwick,dhadwickdv@com.com,Female,24.48.124.69
501,Jared,Handke,jhandkedw@ameblo.jp,Male,60.255.69.125
502,Kelbee,Blumfield,kblumfielddx@biblegateway.com,Male,207.63.5.8
503,Andie,Condie,acondiedy@storify.com,Male,187.65.122.166
504,Coleman,Dell,cdelldz@elegantthemes.com,Male,63.209.27.123
505,Darwin,Hew,dhewe0@nifty.com,Male,172.10.218.51
506,Terrijo,Pail,tpaile1@gnu.org,Female,45.108.175.114
507,Jobina,Dreelan,jdreelane2@rambler.ru,Female,175.29.205.167
508,Eva,Lumm,elumme3@nationalgeographic.com,Female,194.170.253.210
509,Clyve,Cuncliffe,ccuncliffee4@yandex.ru,Male,85.231.96.251
510,Winfred,Puleston,wpulestone5@cdbaby.com,Male,84.80.237.84
511,Candice,Fowley,cfowleye6@usda.gov,Female,53.39.60.31
512,Vincents,Mahaddy,vmahaddye7@wikimedia.org,Male,15.244.181.235
513,Adams,Adamec,aadamece8@sina.com.cn,Male,181.38.115.5
514,Claudio,MacColm,cmaccolme9@arstechnica.com,Male,186.111.18.171
515,Delly,Molyneux,dmolyneuxea@mtv.com,Female,19.164.116.15
516,Leonard,Bugge,lbuggeeb@vimeo.com,Male,52.184.82.38
517,Eli,Serris,eserrisec@discovery.com,Male,45.97.74.28
518,Rosalynd,Blaskett,rblasketted@yale.edu,Female,39.216.152.79
519,Levi,Heaps,lheapsee@ucla.edu,Male,183.113.149.251
520,Shela,Shemelt,sshemeltef@a8.net,Female,227.166.2.221
521,Winnie,Dukelow,wdukeloweg@bluehost.com,Female,10.36.153.5
522,Vivien,Dedam,vdedameh@example.com,Female,9.155.197.107
523,Nikolas,Normanton,nnormantonei@phoca.cz,Male,2.249.154.232
524,Nap,Killimister,nkillimisterej@census.gov,Male,23.68.192.72
525,Rupert,Dodswell,rdodswellek@nymag.com,Male,140.132.164.166
526,Jud,Bretelle,jbretelleel@shutterfly.com,Male,248.3.224.253
527,Mair,Heinzler,mheinzlerem@eventbrite.com,Female,217.9.253.170
528,Zoe,Stuehmeyer,zstuehmeyeren@bandcamp.com,Female,236.131.110.99
529,Gill,Virr,gvirreo@usatoday.com,Female,25.79.44.164
530,Forster,Koba,fkobaep@google.com,Male,170.87.218.94
531,Tiffy,Raggett,traggetteq@imdb.com,Female,94.150.176.205
532,Fabio,Allingham,fallinghamer@go.com,Male,78.40.97.24
533,Jacklin,Doget,jdogetes@addtoany.com,Female,43.144.245.150
534,Ania,Lievesley,alievesleyet@nbcnews.com,Female,140.170.117.21
535,Cordie,Sutterby,csutterbyeu@cmu.edu,Female,151.190.199.200
536,Doralyn,Derwin,dderwinev@google.com.hk,Female,108.84.10.71
537,Ganny,Bartunek,gbartunekew@over-blog.com,Male,107.224.154.51
538,Tobin,Ouldcott,touldcottex@samsung.com,Male,148.132.98.147
539,Ingeberg,Dulin,iduliney@shinystat.com,Female,102.86.244.2
540,Rickard,Duddan,rduddanez@g.co,Male,45.175.4.126
541,Emelita,Skeech,eskeechf0@ucoz.ru,Female,231.229.50.140
542,Marcos,Lanfranconi,mlanfranconif1@examiner.com,Male,216.51.209.208
543,Minda,Benoiton,mbenoitonf2@dot.gov,Female,43.211.114.228
544,Suellen,Finnick,sfinnickf3@newyorker.com,Female,61.177.25.40
545,Nadiya,Spensly,nspenslyf4@nba.com,Female,93.186.157.254
546,Alison,Mullarkey,amullarkeyf5@dagondesign.com,Female,59.165.1.232
547,Rosalie,Wemm,rwemmf6@wikipedia.org,Female,188.23.8.103
548,Sharon,Faussett,sfaussettf7@goo.gl,Female,44.126.56.95
549,Delainey,Ralston,dralstonf8@jigsy.com,Male,137.252.54.127
550,Ozzy,Rowan,orowanf9@wp.com,Male,170.153.89.101
551,Petronia,Vannet,pvannetfa@ibm.com,Female,51.2.255.103
552,Erich,Basnett,ebasnettfb@slate.com,Male,45.146.181.19
553,Malvina,Balnaves,mbalnavesfc@engadget.com,Female,244.53.64.64
554,Lisa,Darrington,ldarringtonfd@altervista.org,Female,253.87.107.169
555,Cassie,Angrock,cangrockfe@marketwatch.com,Male,65.242.192.151
556,Creigh,Serchwell,cserchwellff@parallels.com,Male,193.52.85.210
557,Katleen,Caldroni,kcaldronifg@slashdot.org,Female,222.35.178.74
558,Gill,McKevitt,gmckevittfh@scientificamerican.com,Female,33.223.251.102
559,Wells,Lube,wlubefi@sogou.com,Male,61.44.97.215
560,Gail,Bowra,gbowrafj@nba.com,Male,251.82.201.1
561,Fidel,Grigoriev,fgrigorievfk@sina.com.cn,Male,245.201.108.167
562,Mickie,Ilyas,milyasfl@dailymail.co.uk,Male,127.72.143.223
563,Elvera,Rosita,erositafm@amazon.com,Female,56.108.80.199
564,Hadleigh,Wardesworth,hwardesworthfn@biblegateway.com,Male,111.114.237.38
565,Garreth,Biasetti,gbiasettifo@geocities.jp,Male,67.88.172.235
566,Valma,Caughtry,vcaughtryfp@blogger.com,Female,74.81.84.19
567,Barney,Bartozzi,bbartozzifq@zdnet.com,Male,124.117.196.43
568,De,Giacopello,dgiacopellofr@pinterest.com,Female,195.67.137.184
569,Janith,Abbess,jabbessfs@aboutads.info,Female,167.155.127.60
570,Ruben,Edwick,redwickft@foxnews.com,Male,73.116.244.141
571,Ardis,Lockart,alockartfu@wordpress.com,Female,0.230.164.163
572,Nelli,Learman,nlearmanfv@cocolog-nifty.com,Female,113.117.88.69
573,Amata,Frear,afrearfw@ifeng.com,Female,236.131.193.111
574,Herbert,Stickel,hstickelfx@mac.com,Male,158.244.244.223
575,Nicol,Aldrin,naldrinfy@sohu.com,Female,27.107.134.75
576,Cordy,Fellnee,cfellneefz@clickbank.net,Male,90.3.243.236
577,Barrett,Biesterfeld,bbiesterfeldg0@ning.com,Male,193.108.173.99
578,Roderic,Beathem,rbeathemg1@netlog.com,Male,38.149.138.154
579,Michaela,Dillon,mdillong2@sitemeter.com,Female,226.97.51.13
580,Anjanette,Irnis,airnisg3@booking.com,Female,85.69.121.105
581,Vinnie,Jowling,vjowlingg4@lulu.com,Female,171.60.247.1
582,Alvina,Roome,aroomeg5@google.com,Female,141.39.193.138
583,Rosella,Devitt,rdevittg6@msu.edu,Female,206.137.199.212
584,Correy,Gristhwaite,cgristhwaiteg7@examiner.com,Female,120.63.9.62
585,Sauncho,Trime,strimeg8@psu.edu,Male,146.119.12.142
586,Allene,Clibbery,aclibberyg9@hibu.com,Female,181.148.110.173
587,Gretal,Tytherton,gtythertonga@blogs.com,Female,95.158.77.40
588,Rockey,Budibent,rbudibentgb@columbia.edu,Male,187.105.223.184
589,Edlin,Crang,ecranggc@arstechnica.com,Male,8.141.5.179
590,Vicky,Glison,vglisongd@state.gov,Female,177.102.32.111
591,Raimundo,Nan Carrow,rnancarrowge@china.com.cn,Male,206.136.159.223
592,Kareem,Livick,klivickgf@craigslist.org,Male,196.162.70.230
593,Lenette,Mac Geaney,lmacgeaneygg@eventbrite.com,Female,108.164.210.247
594,Anallise,Realff,arealffgh@imdb.com,Female,117.206.232.154
595,Homere,Richmont,hrichmontgi@1688.com,Male,71.170.70.108
596,Clayson,Rosewell,crosewellgj@slideshare.net,Male,49.110.24.128
597,Boonie,Granham,bgranhamgk@gravatar.com,Male,172.145.251.143
598,Callean,Diment,cdimentgl@ftc.gov,Male,176.234.13.204
599,Justina,Archbould,jarchbouldgm@boston.com,Female,193.255.116.43
600,Jacquenette,Jansey,jjanseygn@weebly.com,Female,45.167.126.24
601,Miquela,Fydo,mfydogo@prnewswire.com,Female,41.53.200.184
602,Anett,Strutz,astrutzgp@issuu.com,Female,176.189.91.148
603,Maxi,Marham,mmarhamgq@people.com.cn,Female,255.142.25.109
604,Claudian,Sikora,csikoragr@alexa.com,Male,56.103.195.178
605,Jodie,Farans,jfaransgs@mediafire.com,Male,220.148.20.83
606,Harwilll,Elger,helgergt@slideshare.net,Male,122.148.136.150
607,Tades,Eyles,teylesgu@elpais.com,Male,132.182.11.142
608,Rudolf,Meo,rmeogv@cnbc.com,Male,174.214.116.149
609,Demetrius,Scutching,dscutchinggw@angelfire.com,Male,114.122.190.200
610,Shellie,Gatecliffe,sgatecliffegx@japanpost.jp,Female,238.27.209.87
611,Eddie,Hanaby,ehanabygy@freewebs.com,Female,156.231.225.226
612,Katinka,Devenny,kdevennygz@bluehost.com,Female,28.31.229.72
613,Ashlee,Velten,aveltenh0@nhs.uk,Female,176.216.65.163
614,Esma,Kase,ekaseh1@smh.com.au,Female,185.101.232.130
615,Evelina,Deguara,edeguarah2@godaddy.com,Female,213.78.221.247
616,Nettie,Lecointe,nlecointeh3@canalblog.com,Female,122.127.118.110
617,Nyssa,Munsey,nmunseyh4@google.es,Female,15.135.236.254
618,Roseanne,Yearby,ryearbyh5@marriott.com,Female,35.48.175.57
619,Nanci,Grills,ngrillsh6@earthlink.net,Female,226.219.179.196
620,Georgie,Seman,gsemanh7@phpbb.com,Male,106.210.157.227
621,Dorotea,Stoacley,dstoacleyh8@sfgate.com,Female,79.10.90.49
622,Zondra,Poacher,zpoacherh9@samsung.com,Female,112.198.41.102
623,Far,Wake,fwakeha@timesonline.co.uk,Male,245.39.239.119
624,Loren,Newall,lnewallhb@wunderground.com,Female,56.9.61.216
625,Rosemarie,Wauchope,rwauchopehc@miibeian.gov.cn,Female,88.57.75.172
626,Pieter,Springthorpe,pspringthorpehd@ow.ly,Male,27.214.179.1
627,Jamesy,Spurrier,jspurrierhe@upenn.edu,Male,215.106.143.75
628,Keefer,Haugg,khaugghf@independent.co.uk,Male,177.133.225.251
629,Carole,Claypole,cclaypolehg@nbcnews.com,Female,79.124.95.169
630,Kristien,Golsby,kgolsbyhh@usa.gov,Female,121.33.196.231
631,Basilio,Jolliss,bjollisshi@elegantthemes.com,Male,124.53.211.6
632,Kalil,Crowe,kcrowehj@bandcamp.com,Male,39.253.9.199
633,Ede,Moar,emoarhk@fotki.com,Female,29.122.12.174
634,Olivie,Helkin,ohelkinhl@wikia.com,Female,219.97.83.128
635,Baxter,Botton,bbottonhm@blogspot.com,Male,43.198.191.244
636,Mandel,Bilsborrow,mbilsborrowhn@virginia.edu,Male,250.99.211.162
637,Gayle,Barham,gbarhamho@blogger.com,Male,156.118.192.176
638,Del,Vivers,dvivershp@comcast.net,Male,200.119.157.227
639,Stacee,Loomes,sloomeshq@bizjournals.com,Male,154.227.101.101
640,Henry,Fosbraey,hfosbraeyhr@biglobe.ne.jp,Male,253.199.45.1
641,Aurel,Youngman,ayoungmanhs@google.es,Female,55.66.149.144
642,Tim,Queree,tquereeht@uol.com.br,Female,131.94.241.82
643,Fedora,Gilfoy,fgilfoyhu@people.com.cn,Female,76.185.153.220
644,Eolande,Hanalan,ehanalanhv@geocities.com,Female,233.146.159.20
645,Malvin,Keher,mkeherhw@toplist.cz,Male,201.158.118.172
646,Sabra,D'Antuoni,sdantuonihx@furl.net,Female,153.106.16.229
647,Rena,Sore,rsorehy@cnn.com,Female,38.213.116.81
648,Alden,Dooher,adooherhz@craigslist.org,Male,75.10.169.84
649,Nannette,Pellatt,npellatti0@wordpress.org,Female,219.170.181.224
650,Willey,Bemand,wbemandi1@wisc.edu,Male,79.35.49.143
651,Morgan,Mawman,mmawmani2@yale.edu,Male,38.157.106.31
652,Clem,Balaizot,cbalaizoti3@ucla.edu,Male,46.153.154.225
653,Rafa,Arthey,rartheyi4@google.ru,Female,12.29.181.181
654,Jody,Hubane,jhubanei5@umich.edu,Female,62.247.255.63
655,Sancho,Bertelsen,sbertelseni6@usatoday.com,Male,241.170.16.226
656,Jo ann,Lace,jlacei7@live.com,Female,47.60.85.238
657,Dave,Slatter,dslatteri8@mail.ru,Male,4.121.75.8
658,Rickey,Beahan,rbeahani9@fotki.com,Male,168.208.62.251
659,Temp,McInally,tmcinallyia@harvard.edu,Male,230.138.214.232
660,Sanderson,Baurerich,sbaurerichib@cloudflare.com,Male,157.153.162.110
661,Adams,Turford,aturfordic@cisco.com,Male,244.1.14.227
662,Brigham,Minerdo,bminerdoid@smugmug.com,Male,10.243.58.196
663,Happy,Bissell,hbissellie@usgs.gov,Female,249.91.14.103
664,Reade,Cray,rcrayif@sun.com,Male,40.158.160.27
665,Mariann,Davenhall,mdavenhallig@imgur.com,Female,128.132.5.228
666,Lora,Schinetti,lschinettiih@ed.gov,Female,229.186.102.75
667,Theresina,Dutteridge,tdutteridgeii@yelp.com,Female,187.223.167.49
668,Englebert,Fawks,efawksij@sogou.com,Male,42.241.106.189
669,Quinta,Druce,qdruceik@cafepress.com,Female,251.128.7.44
670,Briney,Pointer,bpointeril@instagram.com,Female,225.36.221.120
671,Jane,Glenn,jglennim@example.com,Female,89.22.212.14
672,Dion,Matley,dmatleyin@seattletimes.com,Female,8.227.52.239
673,Kirby,Venart,kvenartio@goodreads.com,Male,3.13.106.78
674,Khalil,Lafflin,klafflinip@rambler.ru,Male,153.19.83.200
675,Ole,Caldron,ocaldroniq@ted.com,Male,72.37.27.250
676,Arvie,Elmhirst,aelmhirstir@eepurl.com,Male,137.137.15.81
677,Pinchas,Heersema,pheersemais@sakura.ne.jp,Male,82.15.152.96
678,Marijn,Szanto,mszantoit@upenn.edu,Male,66.173.245.67
679,Betteanne,Harrema,bharremaiu@cnet.com,Female,109.147.198.149
680,Galina,Lamprey,glampreyiv@lycos.com,Female,111.191.192.122
681,Darlene,Radborn,dradborniw@yandex.ru,Female,205.253.180.221
682,Andee,Colloff,acolloffix@homestead.com,Female,84.124.249.105
683,Anett,Grisbrook,agrisbrookiy@google.it,Female,68.253.163.104
684,Eadith,Bril,ebriliz@amazon.de,Female,210.233.212.228
685,Powell,Lucius,pluciusj0@statcounter.com,Male,236.11.176.231
686,Kile,Tollow,ktollowj1@nyu.edu,Male,58.56.91.4
687,Caty,Lafflin,clafflinj2@nymag.com,Female,1.96.94.164
688,April,Letixier,aletixierj3@house.gov,Female,86.12.239.123
689,Clevey,Franies,cfraniesj4@google.co.jp,Male,167.103.133.158
690,Kimberlee,Celli,kcellij5@ft.com,Female,210.142.206.135
691,Gene,Bulluck,gbulluckj6@smugmug.com,Male,91.1.198.50
692,Vida,Borell,vborellj7@yellowpages.com,Female,216.96.167.56
693,Sig,Reveley,sreveleyj8@squarespace.com,Male,185.81.75.224
694,Sunny,De Malchar,sdemalcharj9@arstechnica.com,Male,58.105.77.202
695,Godiva,Yalden,gyaldenja@scribd.com,Female,229.121.77.248
696,Noe,Cowley,ncowleyjb@blogspot.com,Male,170.76.70.49
697,Winnifred,Perrins,wperrinsjc@usnews.com,Female,241.184.82.219
698,Gerald,Bernadzki,gbernadzkijd@icq.com,Male,86.238.36.236
699,Rodolph,Ritchings,rritchingsje@twitpic.com,Male,91.161.60.42
700,Annmaria,Carn,acarnjf@deliciousdays.com,Female,78.192.57.28
701,Tybi,Rawlingson,trawlingsonjg@g.co,Female,249.20.224.196
702,Norma,Reburn,nreburnjh@nifty.com,Female,178.202.29.108
703,Konstance,Simononsky,ksimononskyji@google.fr,Female,50.110.61.209
704,Martguerita,Wurz,mwurzjj@cafepress.com,Female,31.29.108.45
705,Felice,Faithfull,ffaithfulljk@google.nl,Male,104.36.61.52
706,Stephannie,Rosbotham,srosbothamjl@hibu.com,Female,172.14.167.233
707,Javier,Suddards,jsuddardsjm@macromedia.com,Male,187.85.32.103
708,Gena,Sallans,gsallansjn@boston.com,Female,163.57.147.81
709,Virgilio,Sheircliffe,vsheircliffejo@boston.com,Male,129.19.64.139
710,Oswald,Ayrs,oayrsjp@yahoo.co.jp,Male,70.43.4.78
711,Ivar,Weekland,iweeklandjq@slideshare.net,Male,39.85.219.192
712,Carina,Brundle,cbrundlejr@nyu.edu,Female,226.48.139.5
713,Libbey,Swadlen,lswadlenjs@geocities.jp,Female,110.56.21.110
714,Rose,Shuker,rshukerjt@blogtalkradio.com,Female,207.89.224.172
715,Raoul,Moyse,rmoyseju@deviantart.com,Male,45.107.117.173
716,Norby,Sikora,nsikorajv@people.com.cn,Male,125.169.95.186
717,Roi,Riccione,rriccionejw@spiegel.de,Male,117.191.7.36
718,Everett,Tingey,etingeyjx@elegantthemes.com,Male,9.61.157.132
719,Abigale,Booty,abootyjy@webnode.com,Female,214.210.247.228
720,Reuven,Errigo,rerrigojz@abc.net.au,Male,5.40.222.66
721,Ulrick,Hankinson,uhankinsonk0@census.gov,Male,22.110.32.158
722,Cariotta,Gosz,cgoszk1@netlog.com,Female,4.65.135.74
723,Oliy,Ubsdall,oubsdallk2@last.fm,Female,152.204.121.103
724,Yoko,Mayer,ymayerk3@weibo.com,Female,147.6.97.193
725,Lauritz,Rundall,lrundallk4@drupal.org,Male,107.141.53.37
726,Welbie,MacGill,wmacgillk5@npr.org,Male,137.151.22.114
727,Ruttger,Sewards,rsewardsk6@hexun.com,Male,168.181.81.153
728,Barnie,Earthfield,bearthfieldk7@xrea.com,Male,139.94.1.228
729,Anetta,Rowbottam,arowbottamk8@wikia.com,Female,15.155.219.10
730,Steve,Hoyles,shoylesk9@simplemachines.org,Male,209.206.131.122
731,Fairleigh,Ellwand,fellwandka@yolasite.com,Male,118.51.179.11
732,Burton,Spat,bspatkb@addthis.com,Male,56.21.92.24
733,Hubie,Fisbey,hfisbeykc@wikispaces.com,Male,23.6.207.133
734,Joanna,Gligoraci,jgligoracikd@behance.net,Female,207.64.171.5
735,Elisabet,Bowdidge,ebowdidgeke@ask.com,Female,118.179.234.238
736,Etty,Slocomb,eslocombkf@oakley.com,Female,41.164.207.65
737,Aeriell,Keetley,akeetleykg@ed.gov,Female,59.163.90.110
738,Michele,Rochford,mrochfordkh@marketwatch.com,Female,62.206.167.87
739,Jaynell,Matuszkiewicz,jmatuszkiewiczki@vk.com,Female,132.49.95.174
740,Rosaline,Bracer,rbracerkj@joomla.org,Female,30.132.59.51
741,Doug,MacFayden,dmacfaydenkk@epa.gov,Male,80.120.15.13
742,Pierre,Paddle,ppaddlekl@auda.org.au,Male,212.40.197.12
743,Alonso,Blowin,ablowinkm@ebay.com,Male,101.130.217.80
744,Pyotr,Poli,ppolikn@edublogs.org,Male,225.80.40.189
745,Shaylah,Scandrick,sscandrickko@deviantart.com,Female,81.64.161.113
746,Henriette,Hawkwood,hhawkwoodkp@addthis.com,Female,196.47.150.80
747,Marsh,Guillou,mguilloukq@networksolutions.com,Male,215.28.1.51
748,Nicholas,Nestor,nnestorkr@washingtonpost.com,Male,71.31.185.207
749,Abner,Knappett,aknappettks@networksolutions.com,Male,40.82.54.200
750,Kathryn,Wakeley,kwakeleykt@macromedia.com,Female,123.102.4.110
751,Joshia,Skurm,jskurmku@hubpages.com,Male,61.207.177.254
752,Sidnee,Godspeede,sgodspeedekv@ehow.com,Male,177.74.134.206
753,Michal,Chasteau,mchasteaukw@odnoklassniki.ru,Female,235.194.113.121
754,Jolynn,Trewhela,jtrewhelakx@liveinternet.ru,Female,20.182.149.202
755,Giorgi,Bremley,gbremleyky@addtoany.com,Male,124.45.10.97
756,Alex,Baggott,abaggottkz@pinterest.com,Female,81.10.7.253
757,Elonore,Rolance,erolancel0@amazon.com,Female,72.156.81.171
758,Shayla,Imos,simosl1@ehow.com,Female,67.238.12.25
759,Devlin,Dalliwater,ddalliwaterl2@sfgate.com,Male,82.57.224.233
760,Pete,Imlen,pimlenl3@ftc.gov,Male,186.210.10.188
761,Donnamarie,Clapham,dclaphaml4@dyndns.org,Female,215.33.242.147
762,Gauthier,Mulran,gmulranl5@google.com.hk,Male,79.131.26.193
763,Harley,Elman,helmanl6@hud.gov,Female,86.152.233.96
764,Alaric,Turfs,aturfsl7@umn.edu,Male,150.249.229.219
765,Hayden,Pettyfer,hpettyferl8@amazon.co.uk,Male,163.97.126.132
766,Lauritz,Fluit,lfluitl9@de.vu,Male,97.236.178.229
767,Clemente,Hastewell,chastewellla@domainmarket.com,Male,70.79.187.235
768,Hamil,Joanaud,hjoanaudlb@example.com,Male,87.178.59.140
769,Nollie,Adshed,nadshedlc@state.gov,Female,99.123.71.151
770,Lu,Barrowcliff,lbarrowcliffld@unicef.org,Female,237.18.18.15
771,Fey,Korting,fkortingle@usatoday.com,Female,233.170.74.184
772,Rosmunda,Tulley,rtulleylf@cpanel.net,Female,206.186.28.86
773,Karen,Nekrews,knekrewslg@webs.com,Female,23.153.229.169
774,Mathew,Savege,msavegelh@storify.com,Male,124.229.177.116
775,Dennis,Sewell,dsewellli@ed.gov,Male,104.96.7.118
776,Hyacinthe,Loughney,hloughneylj@boston.com,Female,194.179.91.198
777,Georges,Pasticznyk,gpasticznyklk@taobao.com,Male,191.152.193.208
778,Sheelagh,Kretchmer,skretchmerll@boston.com,Female,144.249.230.7
779,Hope,Dyment,hdymentlm@com.com,Female,226.94.0.234
780,Kaleena,Schumacher,kschumacherln@deviantart.com,Female,74.233.255.66
781,Shelbi,Sloegrave,ssloegravelo@1688.com,Female,157.20.138.138
782,Nannette,Cersey,ncerseylp@tinypic.com,Female,63.164.14.4
783,Janine,Greave,jgreavelq@etsy.com,Female,116.33.205.143
784,Sharleen,O'Kane,sokanelr@odnoklassniki.ru,Female,10.190.95.46
785,Alexio,Rentoll,arentollls@mac.com,Male,90.34.88.45
786,Ewen,Legges,eleggeslt@printfriendly.com,Male,8.121.252.240
787,Basia,Balsellie,bbalsellielu@hexun.com,Female,242.80.58.134
788,Thomasine,Micklewright,tmicklewrightlv@friendfeed.com,Female,151.26.33.186
789,Gilly,Bairnsfather,gbairnsfatherlw@ucsd.edu,Female,139.115.160.74
790,Lorita,Boyd,lboydlx@ftc.gov,Female,66.87.197.73
791,Klarrisa,Firk,kfirkly@nymag.com,Female,107.245.139.164
792,Bette,Noton,bnotonlz@kickstarter.com,Female,88.49.250.177
793,Link,Strooband,lstroobandm0@dion.ne.jp,Male,105.108.212.41
794,Clarisse,Aloshikin,caloshikinm1@e-recht24.de,Female,251.240.241.45
795,Zebadiah,Jiruch,zjiruchm2@mayoclinic.com,Male,160.60.237.39
796,Cora,Cunniff,ccunniffm3@buzzfeed.com,Female,200.237.213.171
797,Rosalia,Chaytor,rchaytorm4@meetup.com,Female,222.9.66.240
798,Daile,Epine,depinem5@techcrunch.com,Female,28.148.2.135
799,Casey,Josilowski,cjosilowskim6@smugmug.com,Male,23.152.153.30
800,Harbert,Lintill,hlintillm7@intel.com,Male,160.185.12.86
801,Douglas,Berthot,dberthotm8@shutterfly.com,Male,138.86.81.128
802,Rancell,Longfut,rlongfutm9@blogspot.com,Male,56.47.87.73
803,Maddalena,Cammiemile,mcammiemilema@boston.com,Female,187.107.154.237
804,Caressa,Lanfear,clanfearmb@cocolog-nifty.com,Female,189.140.200.248
805,Cynthia,Carik,ccarikmc@ning.com,Female,220.18.236.138
806,Dru,Radeliffe,dradeliffemd@ed.gov,Male,36.98.177.120
807,Glenn,Andersson,ganderssonme@seattletimes.com,Male,126.56.177.65
808,Lew,McCrone,lmccronemf@ovh.net,Male,211.220.2.45
809,Durand,Rawdall,drawdallmg@nih.gov,Male,172.159.227.68
810,Eal,Prahl,eprahlmh@stanford.edu,Male,207.62.135.99
811,Arleta,Orwin,aorwinmi@digg.com,Female,46.52.178.247
812,Hew,Moutray Read,hmoutrayreadmj@purevolume.com,Male,76.93.242.168
813,Daven,Ammer,dammermk@bloglovin.com,Male,147.133.242.132
814,Ailee,Chittim,achittimml@sakura.ne.jp,Female,77.44.226.41
815,Kyle,Lenthall,klenthallmm@scientificamerican.com,Female,47.165.149.63
816,Nanni,Surgenor,nsurgenormn@bbc.co.uk,Female,65.88.94.255
817,Ev,Kitchingman,ekitchingmanmo@simplemachines.org,Male,64.82.48.167
818,Griffith,Soames,gsoamesmp@jalbum.net,Male,218.95.4.235
819,Camille,Bagnall,cbagnallmq@themeforest.net,Female,44.16.244.169
820,Alan,Weerdenburg,aweerdenburgmr@liveinternet.ru,Male,74.97.20.120
821,Rodolph,Plaskett,rplaskettms@sciencedirect.com,Male,254.205.167.162
822,Gail,Lowden,glowdenmt@twitpic.com,Male,123.216.139.190
823,Gawain,Shireff,gshireffmu@jimdo.com,Male,172.191.2.16
824,Constantine,Butterick,cbutterickmv@tripadvisor.com,Male,87.197.24.102
825,Cherey,Toolan,ctoolanmw@webs.com,Female,150.164.14.98
826,Huberto,Bradbury,hbradburymx@constantcontact.com,Male,188.185.20.148
827,Barbabas,Jedrysik,bjedrysikmy@alibaba.com,Male,133.14.190.182
828,Julee,Caldwell,jcaldwellmz@sbwire.com,Female,187.221.223.163
829,Vidovik,Ekell,vekelln0@slate.com,Male,130.57.185.253
830,Gardner,Hupe,ghupen1@sfgate.com,Male,142.197.16.17
831,Astrid,Skarr,askarrn2@admin.ch,Female,132.11.88.51
832,Harwell,Vosper,hvospern3@examiner.com,Male,131.227.85.178
833,Elbert,Feehery,efeeheryn4@theatlantic.com,Male,26.183.5.4
834,Fayth,Corriea,fcorriean5@phoca.cz,Female,119.155.242.112
835,Iggy,O' Liddy,ioliddyn6@thetimes.co.uk,Male,205.19.3.236
836,Joyce,Bordessa,jbordessan7@shareasale.com,Female,141.74.163.172
837,Andros,Muddiman,amuddimann8@imageshack.us,Male,212.189.44.47
838,Anjela,Lambshine,alambshinen9@blog.com,Female,158.251.175.42
839,Corabella,Smickle,csmicklena@shop-pro.jp,Female,236.150.128.253
840,Travers,Droghan,tdroghannb@house.gov,Male,132.218.16.70
841,Hildagarde,Quiney,hquineync@goo.ne.jp,Female,18.200.10.19
842,Raymund,Beeson,rbeesonnd@lycos.com,Male,1.252.86.106
843,Tim,Beardall,tbeardallne@51.la,Female,39.181.15.109
844,Hy,Larderot,hlarderotnf@hao123.com,Male,159.108.63.96
845,Theressa,Cocozza,tcocozzang@cbc.ca,Female,176.17.205.185
846,Tonnie,Wellwood,twellwoodnh@japanpost.jp,Male,234.240.89.140
847,Daisie,Throughton,dthroughtonni@ask.com,Female,18.119.75.192
848,Elli,Allebone,eallebonenj@gov.uk,Female,20.251.172.247
849,Austin,Ferrick,aferricknk@cbsnews.com,Male,145.48.133.131
850,Alvie,Zuppa,azuppanl@samsung.com,Male,147.228.200.31
851,Benedict,Aleksich,baleksichnm@comsenz.com,Male,162.54.51.130
852,Dmitri,Bordman,dbordmannn@list-manage.com,Male,160.24.188.160
853,Marcus,Rudham,mrudhamno@boston.com,Male,245.226.49.145
854,Ardyth,Maudling,amaudlingnp@usnews.com,Female,57.77.183.5
855,Hunfredo,Ibotson,hibotsonnq@paypal.com,Male,197.60.51.38
856,Sonya,Delmage,sdelmagenr@nih.gov,Female,160.173.119.38
857,Tabb,Tilson,ttilsonns@hugedomains.com,Male,229.12.10.51
858,Millard,Kondrat,mkondratnt@alibaba.com,Male,89.172.136.9
859,Jenica,Maskell,jmaskellnu@hc360.com,Female,105.78.95.6
860,Faye,Bridger,fbridgernv@mail.ru,Female,60.53.78.144
861,Roseanne,Meiklejohn,rmeiklejohnnw@engadget.com,Female,11.58.97.170
862,Cherlyn,McCloch,cmcclochnx@utexas.edu,Female,87.169.16.51
863,Maisie,Butt,mbuttny@thetimes.co.uk,Female,44.54.28.165
864,Linus,Lyard,llyardnz@123-reg.co.uk,Male,16.136.234.147
865,Jorry,Matten,jmatteno0@ca.gov,Female,162.104.194.203
866,Jilly,Rhyme,jrhymeo1@seattletimes.com,Female,201.238.181.143
867,Riannon,Sutlieff,rsutlieffo2@a8.net,Female,39.108.183.239
868,Jarad,Klimowski,jklimowskio3@xrea.com,Male,252.17.31.55
869,Gabby,Ganiford,gganifordo4@sciencedaily.com,Male,95.239.231.180
870,Shelley,Gateshill,sgateshillo5@loc.gov,Male,124.143.188.57
871,Rici,Rosling,rroslingo6@technorati.com,Female,161.160.216.35
872,Constance,Grier,cgriero7@constantcontact.com,Female,2.181.146.89
873,Shandeigh,Whitbread,swhitbreado8@blogger.com,Female,14.72.7.115
874,Dorthy,Chaudron,dchaudrono9@yale.edu,Female,61.159.146.12
875,Val,Mc-Kerley,vmckerleyoa@unesco.org,Female,95.7.20.105
876,Shamus,Hryniewicki,shryniewickiob@indiegogo.com,Male,202.134.206.38
877,Barrie,Ruse,bruseoc@census.gov,Male,171.212.184.83
878,Valina,Wanne,vwanneod@blogspot.com,Female,243.107.143.74
879,Boyce,Hazeldine,bhazeldineoe@jiathis.com,Male,23.185.208.226
880,Dun,Prodrick,dprodrickof@flavors.me,Male,44.96.76.125
881,Oliver,McManamen,omcmanamenog@vinaora.com,Male,46.225.120.95
882,Lewiss,Pirolini,lpirolinioh@infoseek.co.jp,Male,224.167.95.193
883,Cairistiona,Walworth,cwalworthoi@com.com,Female,212.209.244.144
884,Alan,Cocklin,acocklinoj@slashdot.org,Male,250.94.2.216
885,Ruprecht,Warlton,rwarltonok@bloglines.com,Male,38.250.211.157
886,Alexandros,Kemwall,akemwallol@prnewswire.com,Male,54.120.45.89
887,Patrice,Smeeth,psmeethom@typepad.com,Male,102.69.54.52
888,Malissia,Matthew,mmatthewon@quantcast.com,Female,86.218.152.118
889,Randall,Crecy,rcrecyoo@vk.com,Male,6.251.95.88
890,Beilul,Lyven,blyvenop@psu.edu,Female,26.253.135.81
891,Anabel,Hammel,ahammeloq@yandex.ru,Female,164.23.216.73
892,Letty,Stollenbeck,lstollenbeckor@w3.org,Female,246.31.136.215
893,Gare,Glowacha,gglowachaos@google.de,Male,1.67.89.229
894,Siward,Meriott,smeriottot@nps.gov,Male,177.21.46.187
895,Leroy,Szymoni,lszymoniou@nifty.com,Male,126.75.249.20
896,Othelia,Menier,omenierov@fotki.com,Female,38.9.8.24
897,Roarke,Rubinchik,rrubinchikow@foxnews.com,Male,135.105.94.129
898,Newton,Pionter,npionterox@youtube.com,Male,117.86.144.152
899,Maureene,Gayton,mgaytonoy@ucoz.com,Female,225.4.20.15
900,Jemie,Wedlake,jwedlakeoz@exblog.jp,Female,154.58.4.55
901,Joete,Lemon,jlemonp0@etsy.com,Female,52.232.215.129
902,Farr,Duchasteau,fduchasteaup1@newsvine.com,Male,241.251.193.15
903,Brigg,Ogg,boggp2@mozilla.com,Male,115.184.80.8
904,Tori,Louden,tloudenp3@ftc.gov,Female,147.59.80.100
905,Sylas,Bloor,sbloorp4@wisc.edu,Male,139.56.107.80
906,Lyman,Barwack,lbarwackp5@jigsy.com,Male,157.95.76.64
907,Dall,Simonato,dsimonatop6@scribd.com,Male,181.159.235.72
908,Giustino,Marre,gmarrep7@stanford.edu,Male,170.55.69.128
909,Seymour,Danilovich,sdanilovichp8@rakuten.co.jp,Male,167.210.22.106
910,Bibby,Pennetti,bpennettip9@w3.org,Female,66.7.236.100
911,Maurene,Cundy,mcundypa@hugedomains.com,Female,60.231.177.67
912,Dreddy,Wisniewski,dwisniewskipb@abc.net.au,Female,2.37.235.82
913,Henrie,Ortner,hortnerpc@phoca.cz,Female,17.217.83.244
914,Antoni,Craig,acraigpd@t.co,Male,93.204.32.29
915,Kakalina,Durie,kduriepe@uol.com.br,Female,66.200.194.165
916,Keri,Worledge,kworledgepf@constantcontact.com,Female,151.77.202.95
917,Cole,Barthelmes,cbarthelmespg@unicef.org,Male,5.177.131.204
918,Jodi,Kneal,jknealph@amazon.de,Female,11.209.136.89
919,Krystle,Foulds,kfouldspi@msu.edu,Female,203.195.44.52
920,Oliver,Briereton,obrieretonpj@japanpost.jp,Male,37.129.42.175
921,Herbie,Guirau,hguiraupk@go.com,Male,247.78.176.85
922,Ade,Elster,aelsterpl@mail.ru,Male,174.126.187.236
923,Ezechiel,Filippazzo,efilippazzopm@mozilla.com,Male,170.170.58.174
924,Trev,Atmore,tatmorepn@jigsy.com,Male,143.39.30.4
925,Danette,Hinge,dhingepo@go.com,Female,96.152.179.175
926,Amandy,Emblen,aemblenpp@archive.org,Female,166.49.77.97
927,Antone,Lamy,alamypq@un.org,Male,238.170.152.109
928,Fitzgerald,Harmstone,fharmstonepr@statcounter.com,Male,66.33.171.37
929,Carlye,McInnerny,cmcinnernyps@mysql.com,Female,246.52.49.91
930,Jamaal,Acock,jacockpt@qq.com,Male,219.184.25.10
931,Rabbi,Broadnicke,rbroadnickepu@miibeian.gov.cn,Male,102.229.113.186
932,Jacqueline,Mose,jmosepv@icq.com,Female,210.15.6.105
933,Sandye,Willder,swillderpw@google.nl,Female,174.223.29.121
934,Peder,German,pgermanpx@digg.com,Male,38.243.208.111
935,Erina,Bambrugh,ebambrughpy@tmall.com,Female,177.76.213.97
936,Leslie,Hopkins,lhopkinspz@eepurl.com,Female,32.17.177.252
937,Barret,Aitkenhead,baitkenheadq0@cnet.com,Male,7.203.30.43
938,Gunner,Lamb-shine,glambshineq1@wikia.com,Male,215.230.112.61
939,Arleta,Pressdee,apressdeeq2@live.com,Female,85.7.223.192
940,Buiron,Huett,bhuettq3@soup.io,Male,150.117.248.5
941,Ranee,Gimenez,rgimenezq4@zdnet.com,Female,67.195.60.160
942,Rik,Gue,rgueq5@toplist.cz,Male,152.174.63.175
943,Karrie,Sibbit,ksibbitq6@sbwire.com,Female,70.171.255.49
944,Katrina,Gottelier,kgottelierq7@ebay.com,Female,5.33.36.110
945,Shane,Verna,svernaq8@msu.edu,Male,3.128.253.91
946,Datha,Baughen,dbaughenq9@clickbank.net,Female,68.127.107.55
947,Tyrus,Sandy,tsandyqa@woothemes.com,Male,211.142.66.17
948,Spense,Fuzzey,sfuzzeyqb@tmall.com,Male,167.209.196.160
949,Des,Danielski,ddanielskiqc@yahoo.com,Male,119.255.199.150
950,Jayme,Sherreard,jsherreardqd@qq.com,Female,67.42.31.48
951,Carolin,Oxbrough,coxbroughqe@1und1.de,Female,230.29.64.115
952,Donica,Jarritt,djarrittqf@github.com,Female,227.49.123.247
953,Auroora,Klampt,aklamptqg@nytimes.com,Female,221.88.110.255
954,Farr,Ferrini,fferriniqh@va.gov,Male,170.19.120.253
955,Lexis,Kinnard,lkinnardqi@springer.com,Female,214.129.125.162
956,Morgan,Searle,msearleqj@wsj.com,Male,79.120.8.216
957,Lou,Dall,ldallqk@myspace.com,Male,52.196.177.177
958,Thor,Varvara,tvarvaraql@vimeo.com,Male,94.124.72.238
959,Sherm,Lytell,slytellqm@sphinn.com,Male,12.197.207.61
960,Brade,Lindermann,blindermannqn@de.vu,Male,190.196.24.130
961,Gene,Turbitt,gturbittqo@feedburner.com,Male,188.99.88.244
962,Florinda,Mazdon,fmazdonqp@paginegialle.it,Female,78.44.79.238
963,Cecilio,Ollivier,collivierqq@mayoclinic.com,Male,51.59.130.238
964,Carena,Miroy,cmiroyqr@imgur.com,Female,45.97.163.88
965,Diann,Horburgh,dhorburghqs@cpanel.net,Female,37.156.32.77
966,Manon,Lamerton,mlamertonqt@hatena.ne.jp,Female,5.168.164.234
967,Nial,Pioli,npioliqu@zimbio.com,Male,229.226.153.123
968,Michal,Flowers,mflowersqv@sbwire.com,Female,92.54.112.26
969,Siward,Mongin,smonginqw@4shared.com,Male,54.1.227.85
970,Alphard,Chalkly,achalklyqx@hatena.ne.jp,Male,243.219.100.103
971,Randell,Ginnane,rginnaneqy@examiner.com,Male,249.149.76.117
972,Chrisy,Guiducci,cguiducciqz@hc360.com,Male,165.212.203.171
973,Babita,Groneway,bgronewayr0@reference.com,Female,210.118.124.127
974,Cammie,O' Sullivan,cosullivanr1@chronoengine.com,Female,101.34.208.8
975,Elayne,Damiral,edamiralr2@xing.com,Female,3.95.48.160
976,Allx,Mollen,amollenr3@livejournal.com,Female,183.17.10.233
977,Grethel,Crampsy,gcrampsyr4@privacy.gov.au,Female,251.78.134.120
978,Jolyn,MacKeig,jmackeigr5@nyu.edu,Female,97.28.213.78
979,Johnathan,Copeland,jcopelandr6@t-online.de,Male,248.17.213.136
980,Brockie,Terrett,bterrettr7@webeden.co.uk,Male,86.26.109.72
981,Griffin,Libbey,glibbeyr8@creativecommons.org,Male,103.212.96.252
982,Malinde,Lease,mleaser9@jalbum.net,Female,252.49.58.98
983,Petr,Caesar,pcaesarra@desdev.cn,Male,180.95.140.205
984,Jared,Kembley,jkembleyrb@ocn.ne.jp,Male,97.222.122.206
985,Zedekiah,Anan,zananrc@google.com.br,Male,122.237.155.227
986,Berkly,Grishkov,bgrishkovrd@examiner.com,Male,183.97.165.239
987,Issie,Gerish,igerishre@photobucket.com,Female,213.113.100.18
988,Marleah,Gyppes,mgyppesrf@google.co.jp,Female,145.97.14.141
989,Bernadene,Laddle,bladdlerg@vimeo.com,Female,116.117.202.26
990,Tessi,Dewes,tdewesrh@chron.com,Female,147.129.3.104
991,Urson,Dainty,udaintyri@technorati.com,Male,252.219.44.236
992,Ian,Yakobovicz,iyakoboviczrj@imgur.com,Male,251.13.133.104
993,Hebert,Smorthit,hsmorthitrk@cbsnews.com,Male,251.103.27.99
994,Elisabetta,Stang-Gjertsen,estanggjertsenrl@reuters.com,Female,157.10.191.220
995,Fonz,Shelbourne,fshelbournerm@squidoo.com,Male,241.172.33.159
996,Gibby,Bodechon,gbodechonrn@techcrunch.com,Male,179.16.102.241
997,Sayers,Mullord,smullordro@samsung.com,Male,252.190.172.70
998,Dorie,Riseam,driseamrp@artisteer.com,Female,188.81.189.51
999,Rubina,Stobbe,rstobberq@nsw.gov.au,Female,28.196.61.255
1000,Greer,Batts,gbattsrr@sitemeter.com,Female,67.141.125.189
